Workbook

Sheet SalesData
A1: Order Id | B1: Date | C1: Product | D1: Category | E1: Region | F1: SalesPerson | G1: Sales | H1: Profit
A2: 1001 | B2: 46023 | C2: laptop | D2: electronics | E2: south | F2: Ravi | G2: 55000 | H2: 8000
A3: 1002 | B3: 46082 | C3: mobile | D3: electronics | E3: north | F3: Priya | G3: 30000 | H3: 5000
A4: 1003 | B4: 46143 | C4: chair | D4: furniture | E4: east | F4: Arjun | G4: 12000 | H4: 2500
A5: 1004 | B5: 46235 | C5: table | D5: furniture | E5: west | F5: Sneha | G5: 18000 | H5: 3500
A6: 1005 | B6: 46296 | C6: headphones | D6: accessories | E6: south | F6: Ravi | G6: 5000 | H6: 1200
A7: 1006 | B7: 15-01-2026 | C7: laptop | D7: electronics | E7: east | F7: Arjun | G7: 60000 | H7: 9000
A8: 1007 | B8: 18-01-2026 | C8: mobile | D8: electronics | E8: west | F8: Sneha | G8: 28000 | H8: 4500
A9: 1008 | B9: 22-01-2026 | C9: chair | D9: furniture | E9: north | F9: Priya | G9: 10000 | H9: 2000
A10: 1009 | B10: 25-01-2026 | C10: table | D10: furniture | E10: south | F10: Ravi | G10: 20000 | H10: 4000
A11: 1010 | B11: 28-01-2026 | C11: headphones | D11: accessories | E11: east | F11: Arjun | G11: 6000 | H11: 1500

Sheet Calculations
A1: KPI | B1: Value | D1: Category | E1: Total sales | G1: Product | H1: Total Sales | J1: Regions | K1: Total Sales | M1: Salesperson | N1: Total Sales
A2: Total Sales | B2: =SUM(SalesData[Sales]) -> 244000 | D2: Electronics | E2: =SUMIF(SalesData[Category],D2,SalesData[Sales]) -> 173000 | G2: Laptop | H2: =SUMIF(SalesData!C2:C11,G2,SalesData!G2:G11) -> 115000 | J2: South | K2: =SUMIF(SalesData!E2:E11,"South",SalesData!G2:G11) -> 80000 | M2: Ravi | N2: =SUMIF(SalesData!F2:F11,"Ravi",SalesData!G2:G11) -> 80000
A3: Total Profit | B3: =SUM(SalesData[Profit]) -> 41200 | D3: Furniture | E3: =SUMIF(SalesData!D2:D11,"Furniture",SalesData!G2:G11) -> 60000 | G3: Mobile | H3: =SUMIF(SalesData!C3:C12,G3,SalesData!G3:G12) -> 58000 | J3: North | K3: =SUMIF(SalesData!E2:E11,"North",SalesData!G2:G11) -> 40000 | M3: Priya | N3: =SUMIF(SalesData!F2:F11,"Priya",SalesData!G2:G11) -> 40000
A4: Total Orders | B4: =COUNTA(SalesData[Order Id]) -> 10 | D4: Accessories | E4: =SUMIF(SalesData!D2:D11,"Accessories",SalesData!G2:G11) -> 11000 | G4: Chair | H4: =SUMIF(SalesData!C2:C11,"*Chair*",SalesData!G2:G11) -> 22000 | J4: East | K4: =SUMIF(SalesData!E2:E11,"East",SalesData!G2:G11) -> 78000 | M4: Arjun | N4: =SUMIF(SalesData!F2:F11,"Arjun",SalesData!G2:G11) -> 78000
A5: Profit Margin | B5: =B3/B2 -> 0.16885246 | G5: Table | H5: =SUMIF(SalesData!C2:C11,"Table",SalesData!G2:G11) -> 38000 | J5: West | K5: =SUMIF(SalesData!E2:E11,"West",SalesData!G2:G11) -> 46000 | M5: Sneha | N5: =SUMIF(SalesData!F2:F11,"Sneha",SalesData!G2:G11) -> 46000
A6: Growth | B6: =0 -> 0 | G6: Headphones | H6: =SUMIF(SalesData!C2:C11,"Headphones",SalesData!G2:G11) -> 11000

Sheet Dashboard
A1: Sales Performance Dashboard
A3: Total Sales | B3: Total Profit | C3: Total Orders | D3: Profit Margin | E3: Growth
A4: =Calculations!B2 -> 244000 | B4: =Calculations!B3 -> 41200 | C4: =Calculations!B4 -> 10 | D4: =Calculations!B5 -> 0.16885246 | E4: =Calculations!B6 -> 0
